{"assets/images/Group11.png":["assets/images/Group11.png"],"assets/images/Group111.png":["assets/images/Group111.png"],"assets/images/abcd.png":["assets/images/abcd.png"],"assets/images/addperson.png":["assets/images/addperson.png"],"assets/images/addpersonwhite.png":["assets/images/addpersonwhite.png"],"assets/images/assertss.png":["assets/images/assertss.png"],"assets/images/assets.png":["assets/images/assets.png"],"assets/images/bag.png":["assets/images/bag.png"],"assets/images/bag_gray.png":["assets/images/bag_gray.png"],"assets/images/blueonline.png":["assets/images/blueonline.png"],"assets/images/communate.png":["assets/images/communate.png"],"assets/images/contact-gray.png":["assets/images/contact-gray.png"],"assets/images/contact.png":["assets/images/contact.png"],"assets/images/delete.png":["assets/images/delete.png"],"assets/images/down.png":["assets/images/down.png"],"assets/images/edit.png":["assets/images/edit.png"],"assets/images/emazelogofirst.png":["assets/images/emazelogofirst.png"],"assets/images/emazelogosecond.png":["assets/images/emazelogosecond.png"],"assets/images/emazelogothird.png":["assets/images/emazelogothird.png"],"assets/images/eye.png":["assets/images/eye.png"],"assets/images/facebook.png":["assets/images/facebook.png"],"assets/images/fondos.png":["assets/images/fondos.png"],"assets/images/forward.png":["assets/images/forward.png"],"assets/images/generalperef.png":["assets/images/generalperef.png"],"assets/images/google.png":["assets/images/google.png"],"assets/images/gp.png":["assets/images/gp.png"],"assets/images/greyback.png":["assets/images/greyback.png"],"assets/images/groups.png":["assets/images/groups.png"],"assets/images/groupsnew.png":["assets/images/groupsnew.png"],"assets/images/headphone.png":["assets/images/headphone.png"],"assets/images/home.png":["assets/images/home.png"],"assets/images/homes_gray.png":["assets/images/homes_gray.png"],"assets/images/key.png":["assets/images/key.png"],"assets/images/language.png":["assets/images/language.png"],"assets/images/lock-gray.png":["assets/images/lock-gray.png"],"assets/images/lock.png":["assets/images/lock.png"],"assets/images/login.png":["assets/images/login.png"],"assets/images/loginagain.png":["assets/images/loginagain.png"],"assets/images/logous.png":["assets/images/logous.png"],"assets/images/logout.png":["assets/images/logout.png"],"assets/images/menu.png":["assets/images/menu.png"],"assets/images/message-gray.png":["assets/images/message-gray.png"],"assets/images/message.png":["assets/images/message.png"],"assets/images/messages.png":["assets/images/messages.png"],"assets/images/notification.png":["assets/images/notification.png"],"assets/images/offline.png":["assets/images/offline.png"],"assets/images/online.png":["assets/images/online.png"],"assets/images/payment.png":["assets/images/payment.png"],"assets/images/performance.png":["assets/images/performance.png"],"assets/images/pfondo.png":["assets/images/pfondo.png"],"assets/images/play.png":["assets/images/play.png"],"assets/images/poligon.png":["assets/images/poligon.png"],"assets/images/profile.png":["assets/images/profile.png"],"assets/images/re.png":["assets/images/re.png"],"assets/images/rectangle.png":["assets/images/rectangle.png"],"assets/images/refresh.png":["assets/images/refresh.png"],"assets/images/regagain.png":["assets/images/regagain.png"],"assets/images/reload.png":["assets/images/reload.png"],"assets/images/reloadicon.png":["assets/images/reloadicon.png"],"assets/images/reminder.png":["assets/images/reminder.png"],"assets/images/report.png":["assets/images/report.png"],"assets/images/search.png":["assets/images/search.png"],"assets/images/sett.png":["assets/images/sett.png"],"assets/images/setting.png":["assets/images/setting.png"],"assets/images/shadow.png":["assets/images/shadow.png"],"assets/images/share.png":["assets/images/share.png"],"assets/images/smiley.png":["assets/images/smiley.png"],"assets/images/spec.png":["assets/images/spec.png"],"assets/images/spec_gray.png":["assets/images/spec_gray.png"],"assets/images/switchbox.png":["assets/images/switchbox.png"],"assets/images/tabicon.png":["assets/images/tabicon.png"],"assets/images/tick.png":["assets/images/tick.png"],"assets/images/ticknew.png":["assets/images/ticknew.png"],"assets/images/tip.png":["assets/images/tip.png"],"assets/images/twitter.png":["assets/images/twitter.png"],"assets/images/up.png":["assets/images/up.png"],"assets/images/username-gray.png":["assets/images/username-gray.png"],"assets/images/username.png":["assets/images/username.png"],"assets/images/userprofile.png":["assets/images/userprofile.png"],"assets/images/verify.png":["assets/images/verify.png"],"assets/images/warining.png":["assets/images/warining.png"],"assets/images/whitepoligon.png":["assets/images/whitepoligon.png"],"packages/cupertino_icons/assets/CupertinoIcons.ttf":["packages/cupertino_icons/assets/CupertinoIcons.ttf"],"packages/flutter_math_fork/lib/katex_fonts/fonts/KaTeX_AMS-Regular.ttf":["packages/flutter_math_fork/lib/katex_fonts/fonts/KaTeX_AMS-Regular.ttf"],"packages/flutter_math_fork/lib/katex_fonts/fonts/KaTeX_Caligraphic-Bold.ttf":["packages/flutter_math_fork/lib/katex_fonts/fonts/KaTeX_Caligraphic-Bold.ttf"],"packages/flutter_math_fork/lib/katex_fonts/fonts/KaTeX_Caligraphic-Regular.ttf":["packages/flutter_math_fork/lib/katex_fonts/fonts/KaTeX_Caligraphic-Regular.ttf"],"packages/flutter_math_fork/lib/katex_fonts/fonts/KaTeX_Fraktur-Bold.ttf":["packages/flutter_math_fork/lib/katex_fonts/fonts/KaTeX_Fraktur-Bold.ttf"],"packages/flutter_math_fork/lib/katex_fonts/fonts/KaTeX_Fraktur-Regular.ttf":["packages/flutter_math_fork/lib/katex_fonts/fonts/KaTeX_Fraktur-Regular.ttf"],"packages/flutter_math_fork/lib/katex_fonts/fonts/KaTeX_Main-Bold.ttf":["packages/flutter_math_fork/lib/katex_fonts/fonts/KaTeX_Main-Bold.ttf"],"packages/flutter_math_fork/lib/katex_fonts/fonts/KaTeX_Main-BoldItalic.ttf":["packages/flutter_math_fork/lib/katex_fonts/fonts/KaTeX_Main-BoldItalic.ttf"],"packages/flutter_math_fork/lib/katex_fonts/fonts/KaTeX_Main-Italic.ttf":["packages/flutter_math_fork/lib/katex_fonts/fonts/KaTeX_Main-Italic.ttf"],"packages/flutter_math_fork/lib/katex_fonts/fonts/KaTeX_Main-Regular.ttf":["packages/flutter_math_fork/lib/katex_fonts/fonts/KaTeX_Main-Regular.ttf"],"packages/flutter_math_fork/lib/katex_fonts/fonts/KaTeX_Math-BoldItalic.ttf":["packages/flutter_math_fork/lib/katex_fonts/fonts/KaTeX_Math-BoldItalic.ttf"],"packages/flutter_math_fork/lib/katex_fonts/fonts/KaTeX_Math-Italic.ttf":["packages/flutter_math_fork/lib/katex_fonts/fonts/KaTeX_Math-Italic.ttf"],"packages/flutter_math_fork/lib/katex_fonts/fonts/KaTeX_SansSerif-Bold.ttf":["packages/flutter_math_fork/lib/katex_fonts/fonts/KaTeX_SansSerif-Bold.ttf"],"packages/flutter_math_fork/lib/katex_fonts/fonts/KaTeX_SansSerif-Italic.ttf":["packages/flutter_math_fork/lib/katex_fonts/fonts/KaTeX_SansSerif-Italic.ttf"],"packages/flutter_math_fork/lib/katex_fonts/fonts/KaTeX_SansSerif-Regular.ttf":["packages/flutter_math_fork/lib/katex_fonts/fonts/KaTeX_SansSerif-Regular.ttf"],"packages/flutter_math_fork/lib/katex_fonts/fonts/KaTeX_Script-Regular.ttf":["packages/flutter_math_fork/lib/katex_fonts/fonts/KaTeX_Script-Regular.ttf"],"packages/flutter_math_fork/lib/katex_fonts/fonts/KaTeX_Size1-Regular.ttf":["packages/flutter_math_fork/lib/katex_fonts/fonts/KaTeX_Size1-Regular.ttf"],"packages/flutter_math_fork/lib/katex_fonts/fonts/KaTeX_Size2-Regular.ttf":["packages/flutter_math_fork/lib/katex_fonts/fonts/KaTeX_Size2-Regular.ttf"],"packages/flutter_math_fork/lib/katex_fonts/fonts/KaTeX_Size3-Regular.ttf":["packages/flutter_math_fork/lib/katex_fonts/fonts/KaTeX_Size3-Regular.ttf"],"packages/flutter_math_fork/lib/katex_fonts/fonts/KaTeX_Size4-Regular.ttf":["packages/flutter_math_fork/lib/katex_fonts/fonts/KaTeX_Size4-Regular.ttf"],"packages/flutter_math_fork/lib/katex_fonts/fonts/KaTeX_Typewriter-Regular.ttf":["packages/flutter_math_fork/lib/katex_fonts/fonts/KaTeX_Typewriter-Regular.ttf"],"packages/flutter_neumorphic/fonts/NeumorphicIcons.ttf":["packages/flutter_neumorphic/fonts/NeumorphicIcons.ttf"],"packages/fluttertoast/assets/toastify.css":["packages/fluttertoast/assets/toastify.css"],"packages/fluttertoast/assets/toastify.js":["packages/fluttertoast/assets/toastify.js"],"packages/wakelock_web/assets/no_sleep.js":["packages/wakelock_web/assets/no_sleep.js"]}